DayOfWeek,UniqueUsers,TotalInteractions,AvgWatchDuration
0,78190,670158,2.9203038686399325
1,82502,703002,3.079634197342255
2,83358,737847,3.3704467186286586
3,82743,743555,3.073737652224785
4,53147,197171,3.5212581971993853
