index,StreamCount,UniqueWatchers,AvgWatchDuration,TotalWatchTime
StreamCount,1.0,0.2243976858849971,0.09327348928134517,0.21129217848065845
UniqueWatchers,0.2243976858849971,1.0,0.009723770168760798,0.9529311287937301
AvgWatchDuration,0.09327348928134517,0.009723770168760798,1.0,0.028762045942572586
TotalWatchTime,0.21129217848065845,0.9529311287937301,0.028762045942572586,1.0
