index,StreamCount,UniqueWatchers,AvgWatchDuration,TotalWatchTime
StreamCount,1.0,0.22439768588499845,0.09327348928134402,0.21129217848065926
UniqueWatchers,0.22439768588499845,1.0,0.00972377016876059,0.9529311287937171
AvgWatchDuration,0.09327348928134402,0.00972377016876059,1.0,0.028762045942572208
TotalWatchTime,0.21129217848065926,0.9529311287937171,0.028762045942572208,1.0
