Percentile,StreamerCount,ViewerShare
Top 1%,1626,52.49601702944142
Top 5%,8131,73.66303072501358
Top 10%,16262,81.1342729467604
Top 20%,32525,87.47686289412806
