UserSegment,UserCount,Percentage,AvgRecency,AvgFrequency,AvgMonetary
Lost,24534,24.53,1936.2737833211054,7.213907230781772,19.813564848781283
Champions,23619,23.62,62.271052965832595,72.08908082475973,240.2493755027732
Loyal Users,23146,23.15,216.9838417005098,29.112676056338028,84.13026008813618
Casual Users,15999,16.00,993.0438152384525,12.154697168573035,35.877617351084446
At Risk,6396,6.40,1280.1438398999373,39.802689180737964,117.56425891181989
Promising,6306,6.31,85.54551221059309,7.800824611481129,24.56850618458611
