Tier,StreamerCount,AvgViewers,AvgDuration,AvgStreams
D-Tier (Struggling),45321,1.0,1.0167519839956458,1.069261490258379
C-Tier (Low),44208,1.204125950054289,3.585871913442151,1.4349665218964893
A-Tier (High),26923,4.992237120677488,2.859561245738202,5.870891059688742
B-Tier (Mid),26206,2.2444096771731665,3.193043592835955,3.0642600931084485
S-Tier (Top),19967,60.769369459608356,3.6699539774541847,19.518705864676715
